country,iso_alpha3
Cape Verde,CPV
Central African Rep.,CAF
"China, Hong Kong",HKG
"China, Macau",MAC
"Congo, Dem. Rep.",COD
Cote d Ivoire,CIV
"Croatia, Republic of",HRV
Czech Republic,CZE
"Georgia, Republic of",GEO
Guinea Bissau,GNB
"Korea, Dem. Peo. of",PRK
"Korea, Republic of",KOR
Lao Peo. Dem. Rep.,LAO
Libyan Arab Jamahiriya,LBY
Macedonia (fyrom),MKD
Montenegro ,MNE
Russian Federation,RUS
Serbia ,SRB
Slovak Republic,SVK
"Slovenia, Republic of",SVN
St. Lucia,LCA
Swaziland,SWZ
Syrian Arab Republic,SYR
"Tanzania, United Rep. of",TZA
USA,USA
"Yemen, Republic of",YEM
"South Sudan, Republic of",SSD
The former Yugoslav Republic of Macedonia,MKD
"China, Hong Kong ",HKG
"China, Macau ",MAC
Jerusalem,ISR
The Republic of North Macedonia,MKD
Jersusalem,ISR
Macau,MAC
Serbia and Montenegro,SCG
"China, Hong Kong SAR",HKG
"China, Macau SAR",MAC
Afghanistan,AFG
Åland Islands,ALA
Albania,ALB
Algeria,DZA
American Samoa,ASM
Andorra,AND
Angola,AGO
Anguilla,AIA
Antarctica,ATA
Antigua and Barbuda,ATG
Argentina,ARG
Armenia,ARM
Aruba,ABW
Australia,AUS
Austria,AUT
Azerbaijan,AZE
Bahamas,BHS
Bahrain,BHR
Bangladesh,BGD
Barbados,BRB
Belarus,BLR
Belgium,BEL
Belize,BLZ
Benin,BEN
Bermuda,BMU
Bhutan,BTN
Bolivia,BOL
"Bonaire, Sint Eustatius and Saba",BES
Bosnia and Herzegovina,BIH
Botswana,BWA
Bouvet Island,BVT
Brazil,BRA
British Indian Ocean Territory,IOT
Brunei,BRN
Bulgaria,BGR
Burkina Faso,BFA
Burundi,BDI
Cabo Verde,CPV
Cambodia,KHM
Cameroon,CMR
Canada,CAN
Cayman Islands,CYM
Central African Republic,CAF
Chad,TCD
Chile,CHL
China,CHN
Christmas Island,CXR
Cocos (Keeling) Islands,CCK
Colombia,COL
Comoros,COM
Congo,COG
Democratic Republic of the Congo,COD
Cook Islands,COK
Costa Rica,CRI
Côte D'Ivoire,CIV
Croatia,HRV
Cuba,CUB
Curaçao,CUW
Cyprus,CYP
Czechia,CZE
Denmark,DNK
Djibouti,DJI
Dominica,DMA
Dominican Republic,DOM
Ecuador,ECU
Egypt,EGY
El Salvador,SLV
Equatorial Guinea,GNQ
Eritrea,ERI
Estonia,EST
Eswatini,SWZ
Ethiopia,ETH
Falkland Islands,FLK
Faroe Islands,FRO
Fiji,FJI
Finland,FIN
France,FRA
French Guiana,GUF
French Polynesia,PYF
French Southern Territories,ATF
Gabon,GAB
Gambia,GMB
Georgia,GEO
Germany,DEU
Ghana,GHA
Gibraltar,GIB
Greece,GRC
Greenland,GRL
Grenada,GRD
Guadeloupe,GLP
Guam,GUM
Guatemala,GTM
Guernsey,GGY
Guinea,GIN
Guinea-Bissau,GNB
Guyana,GUY
Haiti,HTI
Heard Island and Mcdonald Islands,HMD
Vatican City,VAT
Honduras,HND
Hong Kong,HKG
Hungary,HUN
Iceland,ISL
India,IND
Indonesia,IDN
Iran,IRN
Iraq,IRQ
Ireland,IRL
Isle of Man,IMN
Israel,ISR
Italy,ITA
Jamaica,JAM
Japan,JPN
Jersey,JEY
Jordan,JOR
Kazakhstan,KAZ
Kenya,KEN
Kiribati,KIR
North Korea,PRK
South Korea,KOR
Kuwait,KWT
Kyrgyzstan,KGZ
Laos,LAO
Latvia,LVA
Lebanon,LBN
Lesotho,LSO
Liberia,LBR
Libya,LBY
Liechtenstein,LIE
Lithuania,LTU
Luxembourg,LUX
Macao,MAC
Madagascar,MDG
Malawi,MWI
Malaysia,MYS
Maldives,MDV
Mali,MLI
Malta,MLT
Marshall Islands,MHL
Martinique,MTQ
Mauritania,MRT
Mauritius,MUS
Mayotte,MYT
Mexico,MEX
Micronesia,FSM
Moldova,MDA
Monaco,MCO
Mongolia,MNG
Montenegro,MNE
Montserrat,MSR
Morocco,MAR
Mozambique,MOZ
Myanmar,MMR
Namibia,NAM
Nauru,NRU
Nepal,NPL
Netherlands,NLD
Netherlands Antilles,ANT
New Caledonia,NCL
New Zealand,NZL
Nicaragua,NIC
Niger,NER
Nigeria,NGA
Niue,NIU
Norfolk Island,NFK
North Macedonia,MKD
Northern Mariana Islands,MNP
Norway,NOR
Oman,OMN
Pakistan,PAK
Palau,PLW
Palestine,PSE
Panama,PAN
Papua New Guinea,PNG
Paraguay,PRY
Peru,PER
Philippines,PHL
Pitcairn,PCN
Poland,POL
Portugal,PRT
Puerto Rico,PRI
Qatar,QAT
Réunion,REU
Romania,ROU
Russia,RUS
Rwanda,RWA
Saint Barthélemy,BLM
"Saint Helena, Ascension and Tristan Da Cunha",SHN
Saint Kitts And Nevis,KNA
Saint Lucia,LCA
Saint Martin (French Part),MAF
Saint Pierre and Miquelon,SPM
Saint Vincent and the Grenadines,VCT
Samoa,WSM
San Marino,SMR
Sao Tome and Principe,STP
Saudi Arabia,SAU
Senegal,SEN
Serbia,SRB
Seychelles,SYC
Sierra Leone,SLE
Singapore,SGP
Sint Maarten (Dutch Part),SXM
Slovakia,SVK
Slovenia,SVN
Solomon Islands,SLB
Somalia,SOM
South Africa,ZAF
South Georgia and the South Sandwich Islands,SGS
South Sudan,SSD
Spain,ESP
Sri Lanka,LKA
Sudan,SDN
Suriname,SUR
Svalbard and Jan Mayen,SJM
Sweden,SWE
Switzerland,CHE
Syria,SYR
Taiwan,TWN
Tajikistan,TJK
Tanzania,TZA
Thailand,THA
Timor-Leste,TLS
Togo,TGO
Tokelau,TKL
Tonga,TON
Trinidad and Tobago,TTO
Tunisia,TUN
Turkey,TUR
Turkmenistan,TKM
Turks and Caicos Islands,TCA
Tuvalu,TUV
Uganda,UGA
Ukraine,UKR
United Arab Emirates,ARE
United Kingdom,GBR
United States Minor Outlying Islands,UMI
United States,USA
Uruguay,URY
Uzbekistan,UZB
Vanuatu,VUT
Venezuela,VEN
Vietnam,VNM
British Virgin Islands,VGB
U.S. Virgin Islands,VIR
Wallis and Futuna,WLF
Western Sahara,ESH
Yemen,YEM
Zambia,ZMB
Zimbabwe,ZWE
Burma,BUR
Czechoslovakia,CSK
East Timor,TMP
East Germany,DDR
Serbia and Montenegro,SCG
Soviet Union,SUN
South Yemen,YMD
Yugoslavia,YUG
Zaire,ZAR
Trkiye,TUR
Trkiye,TUR
"Micronesia, Fed States Of",FSM
"Korea, Dem. Peo. Rep. of",PRK
Trkiye,TUR
